{"stats":{"minecraft:custom":{"minecraft:interact_with_furnace":20,"minecraft:mob_kills":44,"minecraft:interact_with_crafting_table":9,"minecraft:leave_game":2,"minecraft:time_since_death":54812,"minecraft:time_since_rest":54842,"minecraft:sprint_one_cm":171037,"minecraft:damage_taken":1498,"minecraft:walk_one_cm":137209,"minecraft:damage_blocked_by_shield":905,"minecraft:drop":12,"minecraft:damage_dealt":5790,"minecraft:fly_one_cm":225680,"minecraft:crouch_one_cm":7603,"minecraft:play_time":64619,"minecraft:deaths":2,"minecraft:sneak_time":2769,"minecraft:jump":1394,"minecraft:walk_on_water_one_cm":3047,"minecraft:total_world_time":64619,"minecraft:interact_with_smoker":14,"minecraft:fall_one_cm":36218},"minecraft:crafted":{"minecraft:cooked_beef":3,"minecraft:cooked_porkchop":7,"minecraft:crafting_table":1,"minecraft:iron_helmet":1,"minecraft:wooden_pickaxe":1,"minecraft:iron_sword":1,"minecraft:furnace":2,"minecraft:bucket":1,"minecraft:birch_planks":48,"minecraft:stone_axe":1,"minecraft:cooked_mutton":37,"minecraft:air":0,"minecraft:iron_chestplate":1,"minecraft:iron_boots":1,"minecraft:shield":1,"minecraft:iron_axe":1,"minecraft:stick":12,"minecraft:iron_ingot":38,"minecraft:iron_pickaxe":1,"minecraft:stone_pickaxe":1,"minecraft:wooden_axe":1,"minecraft:white_bed":1,"minecraft:stone_sword":1,"minecraft:iron_leggings":1,"minecraft:torch":4,"minecraft:smoker":1},"minecraft:mined":{"minecraft:tuff":1,"minecraft:deepslate_diamond_ore":6,"minecraft:smoker":3,"minecraft:crafting_table":5,"minecraft:torch":2,"minecraft:short_grass":7,"minecraft:emerald_ore":1,"minecraft:grass_block":2,"minecraft:sculk_sensor":1,"minecraft:deepslate_gold_ore":21,"minecraft:rooted_dirt":14,"minecraft:furnace":3,"minecraft:birch_log":21,"minecraft:iron_ore":33,"minecraft:andesite":3,"minecraft:birch_leaves":1,"minecraft:black_wool":2,"minecraft:sculk_shrieker":1,"minecraft:oak_log":42,"minecraft:coal_ore":104,"minecraft:deepslate_iron_ore":25,"minecraft:flowering_azalea_leaves":2,"minecraft:dirt":4,"minecraft:azalea_leaves":5,"minecraft:gold_ore":4,"minecraft:stone":104,"minecraft:deepslate":58,"minecraft:oak_leaves":9},"minecraft:picked_up":{"minecraft:birch_log":21,"minecraft:crafting_table":7,"minecraft:andesite":3,"minecraft:leather":1,"minecraft:wooden_pickaxe":2,"minecraft:smoker":3,"minecraft:birch_planks":120,"minecraft:tuff":1,"minecraft:oak_log":102,"minecraft:string":10,"minecraft:dirt":16,"minecraft:bone":3,"minecraft:apple":1,"minecraft:wheat_seeds":1,"minecraft:cobbled_deepslate":57,"minecraft:raw_gold":25,"minecraft:iron_ingot":4,"minecraft:beef":3,"minecraft:light_gray_wool":1,"minecraft:furnace":3,"minecraft:stick":23,"minecraft:raw_iron":58,"minecraft:cooked_porkchop":1,"minecraft:torch":2,"minecraft:porkchop":27,"minecraft:spider_eye":2,"minecraft:arrow":6,"minecraft:rotten_flesh":10,"minecraft:diamond":6,"minecraft:gray_wool":2,"minecraft:emerald":1,"minecraft:rooted_dirt":14,"minecraft:oak_sapling":12,"minecraft:black_wool":5,"minecraft:mutton":53,"minecraft:coal":112,"minecraft:cobblestone":105,"minecraft:white_wool":25},"minecraft:killed_by":{"minecraft:skeleton":2},"minecraft:dropped":{"minecraft:stone_axe":1,"minecraft:wheat_seeds":1,"minecraft:stone_sword":1,"minecraft:rotten_flesh":10,"minecraft:light_gray_wool":1,"minecraft:rooted_dirt":5,"minecraft:stick":1,"minecraft:gray_wool":2,"minecraft:oak_sapling":4,"minecraft:spider_eye":2,"minecraft:arrow":4},"minecraft:broken":{"minecraft:stone_pickaxe":1,"minecraft:wooden_axe":1,"minecraft:wooden_pickaxe":1},"minecraft:killed":{"minecraft:pig":3,"minecraft:spider":3,"minecraft:skeleton":4,"minecraft:sheep":21,"minecraft:zombie":11,"minecraft:cow":2},"minecraft:used":{"minecraft:cooked_mutton":8,"minecraft:water_bucket":2,"minecraft:stone_sword":71,"minecraft:stone_pickaxe":131,"minecraft:shield":58,"minecraft:wooden_pickaxe":47,"minecraft:iron_sword":17,"minecraft:torch":2,"minecraft:dirt":11,"minecraft:crafting_table":5,"minecraft:tuff":1,"minecraft:smoker":3,"minecraft:wooden_axe":49,"minecraft:black_wool":2,"minecraft:apple":1,"minecraft:iron_axe":3,"minecraft:rooted_dirt":9,"minecraft:iron_pickaxe":201,"minecraft:stone_axe":21,"minecraft:furnace":3,"minecraft:cooked_porkchop":4,"minecraft:bucket":3,"minecraft:andesite":3,"minecraft:birch_log":4,"minecraft:cobbled_deepslate":9,"minecraft:cooked_beef":3}},"DataVersion":3953}