{"stats":{"minecraft:custom":{"minecraft:interact_with_furnace":30,"minecraft:mob_kills":51,"minecraft:interact_with_crafting_table":27,"minecraft:leave_game":5,"minecraft:time_since_death":67998,"minecraft:time_since_rest":67998,"minecraft:sprint_one_cm":193678,"minecraft:damage_taken":1935,"minecraft:walk_one_cm":103713,"minecraft:damage_blocked_by_shield":25,"minecraft:drop":19,"minecraft:damage_dealt":7904,"minecraft:swim_one_cm":12513,"minecraft:fly_one_cm":377396,"minecraft:open_chest":1,"minecraft:play_time":67998,"minecraft:crouch_one_cm":29025,"minecraft:sneak_time":8858,"minecraft:walk_under_water_one_cm":14712,"minecraft:jump":2201,"minecraft:walk_on_water_one_cm":6699,"minecraft:total_world_time":67998,"minecraft:interact_with_smoker":11,"minecraft:fall_one_cm":66218},"minecraft:crafted":{"minecraft:cooked_beef":6,"minecraft:oak_planks":40,"minecraft:cooked_porkchop":11,"minecraft:crafting_table":1,"minecraft:iron_helmet":1,"minecraft:wooden_pickaxe":1,"minecraft:iron_sword":1,"minecraft:furnace":2,"minecraft:bucket":1,"minecraft:stone_axe":1,"minecraft:cooked_mutton":23,"minecraft:air":0,"minecraft:diamond_leggings":1,"minecraft:iron_boots":1,"minecraft:iron_chestplate":1,"minecraft:diamond_pickaxe":1,"minecraft:shield":1,"minecraft:iron_axe":1,"minecraft:stick":12,"minecraft:iron_ingot":42,"minecraft:iron_pickaxe":1,"minecraft:stone_pickaxe":1,"minecraft:stone_sword":1,"minecraft:diamond_boots":1,"minecraft:iron_leggings":1,"minecraft:smoker":1,"minecraft:diamond_chestplate":1},"minecraft:mined":{"minecraft:deepslate_diamond_ore":26,"minecraft:smoker":2,"minecraft:dandelion":1,"minecraft:crafting_table":7,"minecraft:granite":10,"minecraft:short_grass":85,"minecraft:emerald_ore":1,"minecraft:grass_block":9,"minecraft:sculk_sensor":1,"minecraft:copper_ore":3,"minecraft:tall_grass":28,"minecraft:cobblestone":3,"minecraft:sculk":5,"minecraft:furnace":4,"minecraft:iron_ore":84,"minecraft:cobbled_deepslate":3,"minecraft:andesite":10,"minecraft:deepslate_lapis_ore":4,"minecraft:sculk_shrieker":1,"minecraft:oak_log":15,"minecraft:coal_ore":90,"minecraft:deepslate_iron_ore":5,"minecraft:gravel":1,"minecraft:dirt":3,"minecraft:stone":165,"minecraft:oak_leaves":2,"minecraft:deepslate":61},"minecraft:picked_up":{"minecraft:crafting_table":7,"minecraft:andesite":10,"minecraft:leather":5,"minecraft:smoker":2,"minecraft:potato":1,"minecraft:flint":1,"minecraft:oak_log":15,"minecraft:lapis_lazuli":30,"minecraft:cornflower":1,"minecraft:dirt":77,"minecraft:string":4,"minecraft:raw_copper":12,"minecraft:iron_axe":1,"minecraft:bone":16,"minecraft:apple":1,"minecraft:wheat_seeds":17,"minecraft:cobbled_deepslate":62,"minecraft:beef":6,"minecraft:glowstone_dust":2,"minecraft:furnace":4,"minecraft:stick":2,"minecraft:raw_iron":89,"minecraft:dandelion":4,"minecraft:porkchop":11,"minecraft:redstone":12,"minecraft:spider_eye":2,"minecraft:arrow":7,"minecraft:rotten_flesh":24,"minecraft:diamond":26,"minecraft:stone_axe":1,"minecraft:granite":10,"minecraft:emerald":1,"minecraft:mutton":27,"minecraft:coal":167,"minecraft:white_wool":16,"minecraft:cobblestone":171},"minecraft:dropped":{"minecraft:stone_axe":2,"minecraft:wheat_seeds":17,"minecraft:rotten_flesh":22,"minecraft:iron_boots":1,"minecraft:glowstone_dust":2,"minecraft:dirt":3,"minecraft:cornflower":1,"minecraft:iron_chestplate":1,"minecraft:iron_leggings":1,"minecraft:spider_eye":2,"minecraft:iron_axe":1,"minecraft:redstone":12,"minecraft:dandelion":3},"minecraft:broken":{"minecraft:stone_pickaxe":1,"minecraft:stone_sword":1,"minecraft:iron_pickaxe":1},"minecraft:killed":{"minecraft:pig":4,"minecraft:witch":1,"minecraft:zombie_villager":1,"minecraft:spider":5,"minecraft:skeleton":9,"minecraft:sheep":16,"minecraft:zombie":11,"minecraft:cow":4},"minecraft:used":{"minecraft:cooked_mutton":27,"minecraft:water_bucket":24,"minecraft:stone_sword":141,"minecraft:stone_pickaxe":131,"minecraft:wooden_pickaxe":14,"minecraft:shield":1,"minecraft:iron_sword":25,"minecraft:rotten_flesh":2,"minecraft:iron_chestplate":1,"minecraft:white_wool":2,"minecraft:dirt":74,"minecraft:crafting_table":7,"minecraft:smoker":2,"minecraft:diamond_pickaxe":82,"minecraft:apple":1,"minecraft:iron_axe":4,"minecraft:iron_pickaxe":249,"minecraft:iron_helmet":1,"minecraft:iron_boots":1,"minecraft:stone_axe":20,"minecraft:cobblestone":62,"minecraft:furnace":4,"minecraft:bucket":25,"minecraft:cooked_beef":2,"minecraft:dandelion":1,"minecraft:cobbled_deepslate":27,"minecraft:iron_leggings":1}},"DataVersion":3953}